participant_name,program_name,rating,comments,submitted_date
Paul Williams,Python Fundamentals,5,"Too much theory, not enough practice.",2024-11-17
Victor Thomas,Leadership Excellence,5,"Too much theory, not enough practice.",2024-11-14
Paul Garcia,Data Science Bootcamp,3,Session was too long without breaks.,2024-02-17
Rachel Davis,Cybersecurity Foundations,3,Content was well structured and easy to follow.,2024-12-28
David Taylor,Cloud Computing Essentials,3,Very practical and useful skills.,2024-10-17
Aaron Smith,Cybersecurity Foundations,3,"Too much theory, not enough practice.",2024-08-30
David Taylor,Project Management 101,5,Clear explanations and good examples.,2024-11-13
Carol Jones,Leadership Excellence,3,"Too much theory, not enough practice.",2024-12-27
Tina Johnson,Cybersecurity Foundations,2,,2024-06-10
Yara Thomas,Cloud Computing Essentials,5,Clear explanations and good examples.,2024-05-09
Maria Wilson,Communication Skills,4,Interactive sessions were the highlight.,2024-03-24
Yara Garcia,Machine Learning Basics,4,"Too much theory, not enough practice.",2024-04-20
Irene Taylor,Leadership Excellence,4,Needs more hands-on exercises.,2024-03-24
Aaron Smith,Cloud Computing Essentials,3,Clear explanations and good examples.,2024-10-23
Bella Taylor,Cybersecurity Foundations,3,The instructor was excellent and engaging.,2024-08-23
Uma Hernandez,Leadership Excellence,5,Loved the real-world examples.,2024-01-26
Rachel Smith,Machine Learning Basics,4,"Great training, very informative!",2024-02-12
Alice Williams,Agile & Scrum Mastery,3,"Great training, very informative!",2024-10-14
Tina Anderson,Communication Skills,4,The pace was too fast for beginners.,2024-09-18
Hank Johnson,DevOps Pipeline,4,Content was well structured and easy to follow.,2024-04-18
Karen Williams,Python Fundamentals,4,Needs more hands-on exercises.,2024-02-07
Hank Wilson,Machine Learning Basics,4,Slides could be more visually appealing.,2024-06-21
Carol Williams,Communication Skills,5,"Too much theory, not enough practice.",2024-03-06
Frank Wilson,Communication Skills,3,Content was well structured and easy to follow.,2024-08-14
James Thomas,DevOps Pipeline,4,,2024-08-19
Bob Smith,DevOps Pipeline,5,Good overview but could go deeper.,2024-03-23
Irene Thomas,Leadership Excellence,5,"Excellent course, would highly recommend!",2024-08-22
Quinn Martinez,Machine Learning Basics,4,"Excellent course, would highly recommend!",2024-10-10
Rachel Jones,Machine Learning Basics,2,"Excellent course, would highly recommend!",2024-07-05
Yara Garcia,Project Management 101,0,"Excellent course, would highly recommend!",2024-11-23
Rachel Brown,Machine Learning Basics,2,"Excellent course, would highly recommend!",2024-11-17
Grace White,Machine Learning Basics,3,Good overview but could go deeper.,2024-01-04
Uma Garcia,Project Management 101,5,Loved the real-world examples.,2024-08-24
Uma Johnson,Agile & Scrum Mastery,2,The instructor was excellent and engaging.,2024-06-18
Uma Brown,Python Fundamentals,5,Very practical and useful skills.,2024-04-24
Rachel Jones,Cybersecurity Foundations,4,Very practical and useful skills.,2024-08-30
Nate Hernandez,Communication Skills,5,The instructor was excellent and engaging.,2024-12-10
Irene Brown,Data Science Bootcamp,5,"Too much theory, not enough practice.",2024-05-19
Alice Johnson,Agile & Scrum Mastery,,Content was well structured and easy to follow.,2024-08-21
Olivia Jones,Cloud Computing Essentials,2,Good overview but could go deeper.,2024-10-26
Karen Wilson,Data Science Bootcamp,,Good overview but could go deeper.,2024-06-28
Nate Williams,DevOps Pipeline,4,Needs more hands-on exercises.,2024-06-02
Grace Martinez,Agile & Scrum Mastery,,The instructor was excellent and engaging.,2024-06-09
Leo Taylor,Agile & Scrum Mastery,5,Content was well structured and easy to follow.,2024-11-07
Olivia Lee,Cloud Computing Essentials,,"Great training, very informative!",2024-12-14
Maria Jackson,Python Fundamentals,,"Excellent course, would highly recommend!",2024-07-18
Bella Hernandez,Project Management 101,5,Very practical and useful skills.,2024-09-06
Xander Brown,Project Management 101,5,Session was too long without breaks.,2024-02-27
Quinn Miller,Leadership Excellence,4,Loved the real-world examples.,2024-10-03
Diana Davis,Leadership Excellence,4,,2024-04-19
Victor Brown,Cybersecurity Foundations,,,2024-12-24
Zoe Hernandez,Agile & Scrum Mastery,2,Clear explanations and good examples.,2024-06-30
Nate Miller,Project Management 101,5,The pace was too fast for beginners.,2024-12-31
Aaron Williams,Communication Skills,1,The instructor was excellent and engaging.,2024-06-28
Alice Garcia,DevOps Pipeline,5,Clear explanations and good examples.,2024-12-08
Victor Jackson,Project Management 101,3,,2024-11-06
Victor White,Cloud Computing Essentials,6,Needs more hands-on exercises.,2024-03-09
Nate Thomas,DevOps Pipeline,3,"Too much theory, not enough practice.",2024-09-17
Grace Williams,Machine Learning Basics,4,,2024-07-31
James Davis,Agile & Scrum Mastery,1,The pace was too fast for beginners.,2024-07-23
Eva Miller,Machine Learning Basics,5,Slides could be more visually appealing.,2024-12-12
Irene Thomas,DevOps Pipeline,3,Session was too long without breaks.,2024-06-21
Hank Williams,Python Fundamentals,5,Very practical and useful skills.,2024-04-12
Zoe White,Data Science Bootcamp,2,"Great training, very informative!",2024-02-17
Bella Johnson,Communication Skills,3,,2024-06-28
Tina Lee,Machine Learning Basics,5,,2024-03-22
Paul Wilson,Python Fundamentals,2,Clear explanations and good examples.,2024-05-21
Xander Moore,Project Management 101,5,"Great training, very informative!",2024-02-27
Carol Martinez,Agile & Scrum Mastery,3,Session was too long without breaks.,2024-10-03
Carol Lee,Agile & Scrum Mastery,3,,2024-04-19
Xander Jones,Agile & Scrum Mastery,5,Loved the real-world examples.,2024-07-30
James Hernandez,Leadership Excellence,4,Good overview but could go deeper.,2024-09-13
Irene Lee,Communication Skills,4,Good overview but could go deeper.,2024-08-13
Frank Hernandez,Cybersecurity Foundations,2,Slides could be more visually appealing.,2024-11-01
James Miller,DevOps Pipeline,3,Good overview but could go deeper.,2024-09-15
Bob Johnson,Cybersecurity Foundations,4,,2024-03-21
Wendy Martinez,Cybersecurity Foundations,,,2024-01-05
Bob Miller,Machine Learning Basics,4,"Great training, very informative!",2024-10-21
Carol Jones,Project Management 101,1,Interactive sessions were the highlight.,2024-10-25
Rachel Miller,Project Management 101,3,Interactive sessions were the highlight.,2024-02-05
Eva Brown,Project Management 101,2,Clear explanations and good examples.,2024-01-17
Bella Thomas,Python Fundamentals,3,"Great training, very informative!",2024-07-18
Carlos Johnson,DevOps Pipeline,3,Very practical and useful skills.,2024-12-07
Tina Taylor,Cybersecurity Foundations,3,Content was well structured and easy to follow.,2024-01-24
Bob Lee,Data Science Bootcamp,5,Content was well structured and easy to follow.,2024-10-31
Aaron Davis,Cloud Computing Essentials,3,The pace was too fast for beginners.,2024-03-16
Carlos Davis,DevOps Pipeline,3,,2024-10-05
Bella Davis,Cloud Computing Essentials,3,Needs more hands-on exercises.,2024-07-14
Irene Moore,Cloud Computing Essentials,4,,2024-03-20
Yara Anderson,Data Science Bootcamp,2,Needs more hands-on exercises.,2024-07-02
Uma Lee,Machine Learning Basics,5,Session was too long without breaks.,2024-01-15
Diana Anderson,Agile & Scrum Mastery,5,Slides could be more visually appealing.,2024-11-25
Bob Hernandez,Python Fundamentals,4,The pace was too fast for beginners.,2024-07-05
Uma Smith,Data Science Bootcamp,5,Very practical and useful skills.,2024-03-31
Uma Brown,Python Fundamentals,4,Session was too long without breaks.,2024-02-25
Olivia Jones,Communication Skills,5,Session was too long without breaks.,2024-08-14
Diana Anderson,Agile & Scrum Mastery,5,Slides could be more visually appealing.,2024-11-25
David Davis,Agile & Scrum Mastery,2,"Great training, very informative!",2024-10-28
Xander Garcia,Cybersecurity Foundations,4,Slides could be more visually appealing.,2024-10-07
Zoe Lee,Communication Skills,2,Very practical and useful skills.,2024-03-03
Tina Lee,Data Science Bootcamp,4,The pace was too fast for beginners.,2024-05-10
Victor Davis,Cloud Computing Essentials,,Very practical and useful skills.,2024-02-21
Yara Lee,Python Fundamentals,4,,2024-01-10
Xander Jackson,Communication Skills,3,Very practical and useful skills.,2024-11-22
Diana Wilson,Agile & Scrum Mastery,5,Session was too long without breaks.,2024-05-02
Carol Davis,Machine Learning Basics,2,Very practical and useful skills.,2024-10-23
Nate Miller,Machine Learning Basics,4,Very practical and useful skills.,2024-03-16
David Wilson,Leadership Excellence,4,Good overview but could go deeper.,2024-01-20
Frank Wilson,Communication Skills,3,Content was well structured and easy to follow.,2024-08-14
Grace White,Machine Learning Basics,3,Good overview but could go deeper.,2024-01-04
David Hernandez,DevOps Pipeline,5,Session was too long without breaks.,2024-08-11
Maria Wilson,Project Management 101,3,Session was too long without breaks.,2024-01-29
Hank Miller,Agile & Scrum Mastery,4,"Too much theory, not enough practice.",2024-08-04
